Series Name,Series Code,Country Name,Country Code,1986 [YR1986],1987 [YR1987],1988 [YR1988],1989 [YR1989],1990 [YR1990],1991 [YR1991],1992 [YR1992],1993 [YR1993],1994 [YR1994],1995 [YR1995],1996 [YR1996],1997 [YR1997],1998 [YR1998],1999 [YR1999],2000 [YR2000],2001 [YR2001],2002 [YR2002],2003 [YR2003],2004 [YR2004],2005 [YR2005]
GDP per capita (current US$),NY.GDP.PCAP.CD,Australia,AUS,11391.6550473244,11650.8011879489,14284.5206885373,17834.2105593225,18248.9407092421,18859.4079561383,18623.7917363989,17699.5577392784,18129.4021863239,20448.1219685874,22021.7839065228,23646.6230457327,21479.1142020092,20712.6697805564,21870.4159669594,19695.7297379144,20301.8431713256,23718.1338501868,30836.7306824685,34479.7679298388
GDP per capita (current US$),NY.GDP.PCAP.CD,Argentina,ARG,3454.2963342861,3492.69147434324,4005.20125846019,2382.33586178721,4330.96819128783,5730.72380988423,6815.32932969825,6957.41749889251,7464.4747368819,7383.70450960064,7690.15700254783,8176.77119517435,8250.67317414321,7735.32208018486,7666.51783423783,7168.97587232911,2579.48876933284,3333.15290388997,4258.16026060875,5086.62776073134
GDP per capita (current US$),NY.GDP.PCAP.CD,New Zealand,NZL,9427.55394035348,12330.9168305483,13759.1556295922,13312.3855858113,13663.0216184298,12230.0734548834,11793.1392416214,13094.3454502639,15280.3127842922,17400.4201848172,18794.436039393,17474.187029724,14738.4455703918,15322.2238340267,13641.1027183822,13882.8568268586,16874.1874918196,21913.7081719961,25420.234882944,27751.0654708859
GDP per capita (current US$),NY.GDP.PCAP.CD,United Kingdom,GBR,10611.112210096,13118.586534629,15987.1680775688,16239.2821960944,19095.4669984608,19900.7266505069,20487.1707852878,18389.0195675099,19709.2380983653,23168.9529580171,24406.400298359,26766.0056249684,28274.5045119699,28762.0913570256,28280.926786099,27906.5695029641,30077.741432188,34442.6875402308,40366.8886650968,42104.7884375024
GDP per capita (current US$),NY.GDP.PCAP.CD,Denmark,DNK,17201.0888129674,21340.7278625524,22527.0467265631,21901.054745944,26891.4464489571,27011.3774590051,29569.6603567112,27597.9752286357,29995.5796235479,35351.3654606819,35650.7140860994,32835.9399398833,33368.142415092,33440.7948054204,30743.5476816354,30751.654348268,33228.6935448819,40458.7773986609,46511.5983324305,48799.8256011275
GDP per capita (current US$),NY.GDP.PCAP.CD,Brazil,BRA,..,..,..,2875.57771485047,3065.24235743825,2656.49720676541,2505.3777580252,2766.34559631791,3393.14292559822,4704.95983707965,5121.90540734464,5240.12717572976,5049.76466914353,3456.42330254074,3726.81166909716,3142.23513974908,2824.71541300038,3056.64979769494,3623.22446166485,4773.26855132261
GDP per capita (current US$),NY.GDP.PCAP.CD,Sweden,SWE,17981.0194119405,21792.5589059822,24534.6938164191,25662.2205892506,30593.6724447761,31822.8038482367,32800.9826867546,24425.2849281118,26083.6143874838,30282.9639200066,32998.9681608432,30312.4875993103,30596.5272048832,30941.0793624668,29624.9126748618,27247.857734793,29899.1952495081,37321.7979047059,42821.6731423358,43437.0631164776
GDP per capita (current US$),NY.GDP.PCAP.CD,Mexico,MEX,1765.26278274659,1902.46153428333,2302.02195363862,2759.47591912687,3196.92006131977,3756.85259707081,4272.78872597018,6118.52586329108,6268.71832284995,4225.40044835213,4718.57408573156,5617.43024399101,5882.4214338638,6552.6610754969,7581.84564147003,8009.15833972447,8032.99212058539,7473.93237537911,7883.5231908285,8702.11448090478
GDP per capita (current US$),NY.GDP.PCAP.CD,Japan,JPN,17451.8349394142,21141.7183951789,25499.8811728107,25265.9487590208,25801.3950393094,29428.4289039469,31992.7902119161,36345.2441262708,39933.5150564874,44197.6191013908,39150.0396308089,35638.2319556941,32423.7556133801,36610.1683163197,39169.3595701504,34406.1824638092,32820.7936433254,35387.0374203599,38298.9801712303,37812.8950199948
GDP per capita (current US$),NY.GDP.PCAP.CD,South Africa,ZAF,2103.19171194125,2672.6895377158,2780.58620680133,2794.39621172023,3160.87816137916,3304.82837710984,3519.00129647168,3461.33391131874,3547.95174828899,3904.32423803244,3654.9275981107,3731.43156053914,3336.4396473055,3267.93916857825,3241.66139605189,2867.47249671099,2708.42333318343,4095.68370023032,5268.27857621702,5893.18707587233
GDP per capita (current US$),NY.GDP.PCAP.CD,Singapore,SGP,6799.93036332671,7539.02930212443,8914.44122574729,10394.5389962406,11861.7561591366,14502.3799938606,16136.2405377661,18290.130113185,21552.4100366948,24914.8507020358,26232.866096827,26375.8653668113,21829.2737831583,21796.6373891001,23852.8389514753,21699.7414868907,22159.8373710639,23730.3840054566,27608.080013423,29961.3172812732
GDP per capita (current US$),NY.GDP.PCAP.CD,Malaysia,MYS,1782.54224954929,2007.1729195507,2134.51914526781,2282.46997060592,2513.24139547744,2727.52858528083,3193.6353810378,3511.53262892184,3802.10762079454,4405.11676395634,4874.81972520082,4706.31491259882,3308.83565299935,3538.36299288587,4087.56259349384,3941.12266621369,4177.10494176499,4454.52676383656,4924.33811126582,5536.83748306949
"Population, total",SP.POP.TOTL,Australia,AUS,16018350,16263874,16532164,16814416,17065128,17284036,17478635,17634808,17805468,18004882,18224767,18423037,18607584,18812264,19028802,19274701,19495210,19720737,19932722,20176844
"Population, total",SP.POP.TOTL,Argentina,ARG,30748326,31216453,31690792,32165766,32637657,33105763,33568285,34027240,34488696,34946110,35389362,35815971,36233195,36653031,37070774,37480493,37885028,38278164,38668796,39070501
"Population, total",SP.POP.TOTL,New Zealand,NZL,3246300,3274400,3283400,3299200,3329800,3495100,3531700,3572200,3620000,3673400,3732000,3781300,3815000,3835100,3857700,3880500,3948500,4027200,4087500,4133900
"Population, total",SP.POP.TOTL,United Kingdom,GBR,56681396,56802050,56928327,57076711,57247586,57424897,57580402,57718614,57865745,58019030,58166950,58316954,58487141,58682466,58892514,59119673,59370479,59647577,59987905,60401206
"Population, total",SP.POP.TOTL,Denmark,DNK,5120534,5127024,5129516,5132594,5140939,5154298,5171370,5188628,5206180,5233373,5263074,5284991,5304219,5321799,5339616,5358783,5375931,5390574,5404523,5419432
"Population, total",SP.POP.TOTL,Brazil,BRA,139643355,142466264,145253973,148003411,150706446,153336445,155900790,158440875,160980472,163515328,166037122,168546707,171039804,173486281,175873720,178211881,180476685,182629278,184722043,186797334
"Population, total",SP.POP.TOTL,Sweden,SWE,8369829,8397804,8436489,8492964,8558835,8617375,8668067,8718561,8780745,8826939,8840998,8846062,8850974,8857874,8872109,8895960,8924958,8958229,8993531,9029572
"Population, total",SP.POP.TOTL,Mexico,MEX,76224365,77553504,78892015,80233749,81720428,83351595,84993164,86648447,88314424,89969572,91586555,93183094,94767284,96334810,97873442,99394288,100917081,102429341,103945813,105442402
"Population, total",SP.POP.TOTL,Japan,JPN,121482000,122069000,122578000,123069000,123478000,123964000,124425000,124829000,125178000,125472000,125757000,126057000,126400000,126631000,126843000,127149000,127445000,127718000,127761000,127773000
"Population, total",SP.POP.TOTL,South Africa,ZAF,34877834,36119333,37393853,38668684,39877570,40910959,41760755,42525440,43267982,43986084,44661603,45285048,45852166,46364681,46813266,47229714,47661514,48104048,48556071,49017147
"Population, total",SP.POP.TOTL,Singapore,SGP,2733373,2774789,2846108,2930901,3047132,3135083,3230698,3313471,3419048,3524506,3670704,3796038,3927213,3958723,4027887,4138012,4175950,4114826,4166664,4265762
"Population, total",SP.POP.TOTL,Malaysia,MYS,15558740,16033103,16524616,17020143,17517054,18017464,18526708,19050077,19588703,20136888,20689051,21249178,21810542,22368655,22945150,23542517,24142445,24739411,25333247,25923536
Consumer price index (2010 = 100),FP.CPI.TOTL,Australia,AUS,44.5109261186264,48.309053069719,51.7950052029136,55.6971904266389,59.7814776274714,61.6805411030177,62.3048907388137,63.3975026014568,64.6462018730489,67.6378772112383,69.4068678459938,69.5629552549428,70.1612903225807,71.2018730489074,74.375650364204,77.6534859521332,79.9687825182102,82.1540062434964,84.0790842872008,86.3423517169615
Consumer price index (2010 = 100),FP.CPI.TOTL,Argentina,ARG,..,..,..,..,..,..,..,..,..,..,..,..,..,..,..,..,..,..,..,..
Consumer price index (2010 = 100),FP.CPI.TOTL,New Zealand,NZL,46.8328314200303,54.2063332667549,57.6621222270164,60.9580842618454,64.675578984307,66.3586916339568,67.031940556103,67.8954512198756,69.0804834258259,71.6744169878802,73.3126884933663,74.1830188512678,75.1216151198578,75.0357758064178,76.9981372744839,79.0199669167589,81.135404585527,82.5581743082921,84.4489620933151,87.0136967707976
Consumer price index (2010 = 100),FP.CPI.TOTL,United Kingdom,GBR,49.2810819308304,51.325715738857,53.4584797484742,56.5378213427039,61.0967264656926,65.6556315886813,68.6702422785278,70.4272239689291,71.9900129461809,73.9319400776771,76.0403181061587,77.7140743480673,79.1289069724431,80.5159977806547,81.4684668022933,82.7168485296837,83.9744775291289,85.1303865359719,86.3140373589791,88.1172554096541
Consumer price index (2010 = 100),FP.CPI.TOTL,Denmark,DNK,56.5370216944916,58.8098062672976,61.4769092045353,64.4110320507098,66.1125158467994,67.6960119632176,69.1149504508526,69.9843174716543,71.3784153200607,72.8656619944648,74.415003124721,76.0388626015535,77.4422747968931,79.376624408535,81.6811516828855,83.5907508258191,85.6173555932506,87.3939826801179,88.4028211766807,90.0098205517365
Consumer price index (2010 = 100),FP.CPI.TOTL,Brazil,BRA,7.99317280305452E-08,2.62444768495788E-07,1.91352288553154E-06,2.92907487949526E-05,0.000892703750329439,0.00475620651227255,0.0500334876739342,1.01436931774855,22.0715442934335,36.6403159411409,42.4139744020249,45.3518684755867,46.8008952735922,49.0746921995341,52.5315827425714,56.1249316036126,60.8675805806435,69.8241962003047,74.430627668128,79.5436673306746
Consumer price index (2010 = 100),FP.CPI.TOTL,Sweden,SWE,52.9825025415534,55.2017125523808,58.4171563806076,62.1811349241116,68.6271754732524,75.1087564434232,76.8921141591384,80.5277063755107,82.2656054131643,84.2853482548,84.7347003997609,85.2926023577901,85.0647579532024,85.4579066416507,86.2262960544622,88.3008648169117,90.2068232098234,91.9438957260577,92.2874531293479,92.705672967515
Consumer price index (2010 = 100),FP.CPI.TOTL,Mexico,MEX,1.5576471478797,3.61105263368212,7.73351187768916,9.28082339983958,11.7543180636708,14.418123874751,16.6540715669279,18.278086769687,19.5513039992386,26.3941179264612,35.467988935687,42.7834846501138,49.5982070850547,57.8243757365431,63.3128119183035,67.3444059411696,70.732319377097,73.9484472925727,77.4154528387154,80.5028253377382
Consumer price index (2010 = 100),FP.CPI.TOTL,Japan,JPN,88.9567267802513,89.0689695685793,89.6733538134223,91.7109921246073,94.5343299540883,97.608055542147,99.3262336096294,100.560904281237,101.260263193127,101.130752283518,101.268897253768,103.038879685094,103.720970475702,103.366973989437,102.667615077547,101.907817741173,100.966705131346,100.707683312128,100.699049251487,100.414125250347
Consumer price index (2010 = 100),FP.CPI.TOTL,South Africa,ZAF,14.8004080046914,17.1922399941358,19.3893300102624,22.2455563700337,25.4313326491717,29.331177246738,33.4007843424718,36.6464946488785,39.9221507110395,43.3875707374286,46.5783418853541,50.5830464741241,54.0634364462689,56.8647295118018,59.9007095733763,63.3161882421932,69.3278771441138,73.2652968772907,72.7582788447442,74.2591702096467
Consumer price index (2010 = 100),FP.CPI.TOTL,Singapore,SGP,66.4583327766531,66.8061135664524,67.8236943958653,69.4144694899474,71.8167330935613,74.2769601621417,75.9579006461718,77.6968045951682,80.1055085837786,81.4837509729831,82.6108183473333,84.2659972913777,84.0405838165084,84.0546268583358,85.1991347672751,86.0487387978369,85.7117057939776,86.1470400906292,87.5794303570314,87.9517360124626
Consumer price index (2010 = 100),FP.CPI.TOTL,Malaysia,MYS,52.355327671111,52.5071622623696,53.8495180799343,55.3644132056689,56.813743394299,59.2898757105671,62.1163594444335,64.3131575223465,66.7088037021397,69.0106410694245,71.4181183158849,73.3196361410334,77.1838317213786,79.3021892985177,80.5192719064858,81.6600566572236,83.1363663346489,84.0422836367053,85.2367523757132,87.7726062146295
"Official exchange rate (LCU per US$, period average)",PA.NUS.FCRF,Australia,AUS,1.49597416641667,1.42818,1.27990833333333,1.26459666666667,1.28105666666667,1.28375583333333,1.36164833333333,1.47056,1.36775083333333,1.3490325,1.27786333333333,1.34738,1.59182833333333,1.54995,1.72482666666667,1.9334425,1.8405625,1.54191416666667,1.3597525,1.30947333333333
"Official exchange rate (LCU per US$, period average)",PA.NUS.FCRF,Argentina,ARG,9.43031666666667E-05,0.000214429833333333,0.000875260416666667,0.0423339608333333,0.487589083333333,0.953554416666667,0.990641666666667,0.998945833333333,0.999008333333333,0.99975,0.9996625,0.9995,0.9995,0.9995,0.9995,0.9995,3.06325666666667,2.90062916666667,2.92330081890332,2.9036575
"Official exchange rate (LCU per US$, period average)",PA.NUS.FCRF,New Zealand,NZL,1.91316083308333,1.69456083333333,1.52640083333333,1.67214833333333,1.67620333333333,1.73351416666667,1.86179166666667,1.85051333333333,1.68652166666667,1.52387666666667,1.4548475,1.51242083333333,1.86824916666667,1.88961389919167,2.20114916666667,2.37875083333333,2.16219083333333,1.72209914639778,1.50868127077323,1.42027345661433
"Official exchange rate (LCU per US$, period average)",PA.NUS.FCRF,United Kingdom,GBR,0.682197333333333,0.6119265,0.562170166666667,0.61117275,0.563177166666667,0.567015333333333,0.569774166666667,0.666756553333333,0.653426604166667,0.63366812,0.640958255,0.610836114166667,0.603823594166667,0.618056845,0.660930833333333,0.694655,0.667223333333333,0.6124725,0.54618,0.549998333333333
"Official exchange rate (LCU per US$, period average)",PA.NUS.FCRF,Denmark,DNK,8.09099166658334,6.84031666666667,6.731525,7.310175,6.18855833333333,6.39645833333333,6.03613333333333,6.48393916666667,6.36055166666667,5.60236666666667,5.79867166666667,6.60445916666667,6.70082666666667,6.97624,8.08314416666667,8.3228175,7.89471416666667,6.58767333333333,5.99105666666667,5.99691
"Official exchange rate (LCU per US$, period average)",PA.NUS.FCRF,Brazil,BRA,5.90968226749251E-09,1.6976307824584E-08,1.1354767374037E-07,1.22638743473744E-06,2.95572678942699E-05,0.000175961443086024,0.00195302352248811,0.038276610926673,0.664683514070577,0.917666666666667,1.0051,1.07799166666667,1.16051666666667,1.81393284657213,1.82942312207561,2.34963170932244,2.92036301775519,3.07747511847801,2.92511944951586,2.43439003623188
"Official exchange rate (LCU per US$, period average)",PA.NUS.FCRF,Sweden,SWE,7.12358333333333,6.34044166666667,6.12715,6.44687583333333,5.91879,6.04746666666667,5.82383333333333,7.78342666666667,7.71597,7.13326833333333,6.70595583333333,7.63489416666667,7.94986816666667,8.26242833333333,9.16224416666667,10.3291358333333,9.73712333333333,8.08630416666667,7.34888666666667,7.47308833333333
"Official exchange rate (LCU per US$, period average)",PA.NUS.FCRF,Mexico,MEX,0.611772583333,1.3781825,2.273105,2.4614725,2.81259916666667,3.01843,3.09489833333333,3.11561666666667,3.37511666666667,6.419425,7.59944841666667,7.91846,9.13604175,9.5603975,9.45555833333333,9.34234166666667,9.65595833333333,10.7890191666667,11.2859666666667,10.8978916666667
"Official exchange rate (LCU per US$, period average)",PA.NUS.FCRF,Japan,JPN,168.519833333083,144.6375,128.151666666667,137.964416666667,144.7925,134.706666666667,126.651333333333,111.197785833333,102.207805833333,94.0595791666667,108.779056666667,120.9908625,130.905300666667,113.906805,107.765498333333,121.5289475,125.388019166667,115.933464166667,108.192569166667,110.218211666667
"Official exchange rate (LCU per US$, period average)",PA.NUS.FCRF,South Africa,ZAF,2.28503166641667,2.03603333333333,2.2734675,2.6226775,2.58732083333333,2.761315,2.85201416666667,3.26774158333333,3.55079833333333,3.627085,4.29934916666667,4.60796166666667,5.52828416666667,6.10948416666667,6.93982833333333,8.60918083333333,10.5407466666667,7.56474916666667,6.4596925,6.35932833333333
"Official exchange rate (LCU per US$, period average)",PA.NUS.FCRF,Singapore,SGP,2.1774166665,2.10598333333333,2.012425,1.95025833333333,1.81253333333333,1.72755,1.62896666666667,1.61579083333333,1.52744416666667,1.417375,1.41004083333333,1.48480583333333,1.67360166666667,1.69495666666667,1.72396333333333,1.7917225,1.79058833333333,1.74218333333333,1.69022833333333,1.6643975
"Official exchange rate (LCU per US$, period average)",PA.NUS.FCRF,Malaysia,MYS,2.58144166666667,2.51963833333333,2.61878333333333,2.70884166666667,2.704875,2.75006666666667,2.54738333333333,2.574095,2.62425666666667,2.50440416666667,2.5159425,2.81319166666667,3.924375,3.8,3.8,3.8,3.8,3.8,3.8,3.78709166666667
Land area (sq. km),AG.LND.TOTL.K2,Australia,AUS,7682300,7682300,7682300,7682300,7682300,7682300,7682300,7682300,7682300,7682300,7682300,7682300,7682300,7682300,7682300,7682300,7682300,7682300,7682300,7682300
Land area (sq. km),AG.LND.TOTL.K2,Argentina,ARG,2736690,2736690,2736690,2736690,2736690,2736690,2736690,2736690,2736690,2736690,2736690,2736690,2736690,2736690,2736690,2736690,2736690,2736690,2736690,2736690
Land area (sq. km),AG.LND.TOTL.K2,New Zealand,NZL,263310,263310,263310,263310,263310,263310,263310,263310,263310,263310,263310,263310,263310,263310,263310,263310,263310,263310,263310,263310
Land area (sq. km),AG.LND.TOTL.K2,United Kingdom,GBR,241930,241930,241930,241930,241930,241930,241930,241930,241930,241930,241930,241930,241930,241930,241930,241930,241930,241930,241930,241930
Land area (sq. km),AG.LND.TOTL.K2,Denmark,DNK,40000,40000,40000,40000,40000,40000,40000,40000,40000,40000,40000,40000,40000,40000,40000,40000,40000,40000,40000,40000
Land area (sq. km),AG.LND.TOTL.K2,Brazil,BRA,8358140,8358140,8358140,8358140,8358140,8358140,8358140,8358140,8358140,8358140,8358140,8358140,8358140,8358140,8358140,8358140,8358140,8358140,8358140,8358140
Land area (sq. km),AG.LND.TOTL.K2,Sweden,SWE,407339.7,407339.7,407339.7,407339.7,407339.7,407339.7,407339.7,407339.7,407339.7,407339.7,407339.7,407339.7,407339.7,407339.7,407339.7,407339.7,407339.7,407339.7,407339.7,407339.7
Land area (sq. km),AG.LND.TOTL.K2,Mexico,MEX,1943950,1943950,1943950,1943950,1943950,1943950,1943950,1943950,1943950,1943950,1943950,1943950,1943950,1943950,1943950,1943950,1943950,1943950,1943950,1943950
Land area (sq. km),AG.LND.TOTL.K2,Japan,JPN,364700,364600,364600,364600,364600,364600,364600,364600,364600,364600,364500,364500,364500,364500,364500,364500,364500,364500,364500,364500
Land area (sq. km),AG.LND.TOTL.K2,South Africa,ZAF,1213090,1213090,1213090,1213090,1213090,1213090,1213090,1213090,1213090,1213090,1213090,1213090,1213090,1213090,1213090,1213090,1213090,1213090,1213090,1213090
Land area (sq. km),AG.LND.TOTL.K2,Singapore,SGP,670,670,670,670,670,670,670,670,670,670,670,670,670,670,670,670,675,687,689,689
Land area (sq. km),AG.LND.TOTL.K2,Malaysia,MYS,328550,328550,328550,328550,328550,328550,328550,328550,328550,328550,328550,328550,328550,328550,328550,328550,328550,328550,328550,328550
"International tourism, expenditures (current US$)",ST.INT.XPND.CD,Australia,AUS,..,..,..,..,..,..,..,..,..,7605000000,8545000000,8880000000,8307000000,8798000000,9065000000,8184000000,8640000000,10434000000,14702000000,16153000000
"International tourism, expenditures (current US$)",ST.INT.XPND.CD,Argentina,ARG,..,..,..,..,..,..,..,..,..,4013000000,4449000000,4973000000,5282000000,5228000000,5460000000,4888000000,2744000000,2997000000,3208000000,3554000000
"International tourism, expenditures (current US$)",ST.INT.XPND.CD,New Zealand,NZL,..,..,..,..,..,..,..,..,..,1259000000,1466000000,1461000000,1383000000,1430000000,1235000000,1255000000,1386000000,1649000000,2229000000,2671000000
"International tourism, expenditures (current US$)",ST.INT.XPND.CD,United Kingdom,GBR,..,..,..,..,..,..,..,..,..,30749000000,32298000000,35954000000,41458000000,..,..,..,..,..,..,..
"International tourism, expenditures (current US$)",ST.INT.XPND.CD,Denmark,DNK,..,..,..,..,..,..,..,..,..,4288000000,4140000000,4194000000,4577000000,4899000000,4669000000,4861000000,5838000000,6659000000,7279000000,6850000000
"International tourism, expenditures (current US$)",ST.INT.XPND.CD,Brazil,BRA,..,..,..,..,..,..,..,..,..,3982000000,4988000000,6208000000,6019000000,3551000000,4548000000,3765000000,2929000000,2874000000,3752000000,5905000000
"International tourism, expenditures (current US$)",ST.INT.XPND.CD,Sweden,SWE,..,..,..,..,..,..,..,..,..,6816000000,7642000000,6850000000,8591000000,8927000000,8959000000,7916000000,8221000000,9375000000,11088000000,11088000000
"International tourism, expenditures (current US$)",ST.INT.XPND.CD,Mexico,MEX,..,..,..,..,..,..,..,..,..,3587000000,3963000000,4554000000,4834000000,5192000000,6365000000,6685000000,7087000000,7252000000,8034000000,8951000000
"International tourism, expenditures (current US$)",ST.INT.XPND.CD,Japan,JPN,..,..,..,..,..,..,..,..,..,46966000000,46800000000,41381000000,35334000000,41213000000,42643000000,35526000000,34977000000,36505000000,48175000000,48096000000
"International tourism, expenditures (current US$)",ST.INT.XPND.CD,South Africa,ZAF,..,..,..,..,..,..,..,..,..,2414000000,2322000000,2558000000,2500000000,2717000000,2684000000,2366000000,2251000000,3655000000,4237000000,4812000000
"International tourism, expenditures (current US$)",ST.INT.XPND.CD,Singapore,SGP,..,..,..,..,..,..,..,..,..,4663000000,5015000000,4358000000,3222000000,4217000000,4535000000,6600000000,8212000000,8382000000,9291000000,10070000000
"International tourism, expenditures (current US$)",ST.INT.XPND.CD,Malaysia,MYS,..,..,..,..,..,..,..,..,..,2722000000,3032000000,3158000000,2160000000,2382000000,2543000000,3391000000,3330000000,3401000000,3822000000,4339000000
Exports of goods and services (% of GDP),NE.EXP.GNFS.ZS,Australia,AUS,14.972763898845,15.4578439897609,15.9533169835969,15.117778833752,15.1150866702084,16.0288066339049,16.6585946119625,17.539918193872,17.9723581312914,17.870669522392,18.8901429006237,19.127482417612,19.5575656778223,18.2947441891133,19.3902280759468,22.1523263999819,20.7266612553969,19.0572127285496,17.1624682179729,18.224372786193
Exports of goods and services (% of GDP),NE.EXP.GNFS.ZS,Argentina,ARG,8.16197754429543,7.87320581340031,9.53161297293404,13.0584089085641,10.3595365925264,7.67504334832217,6.5981874720374,6.90935153370832,7.52994872591672,9.68041025959015,10.4285967560139,10.5608501019262,10.4155819610919,9.82717451494235,10.9863752325576,11.5790080825317,28.3825969991682,25.9309429264224,23.8476194239892,23.2458767338576
Exports of goods and services (% of GDP),NE.EXP.GNFS.ZS,New Zealand,NZL,26.6371024795955,26.1222174526277,26.1930222279253,26.3501859537541,26.7618584733406,29.1613463740835,31.1916767728346,30.6024238841265,30.7781456953642,29.3933663078266,28.3488788439284,28.3203739922721,29.6173216258214,30.9505515371504,35.7454584901409,35.4310398408851,32.8470717038637,29.8397254017245,29.5434106069527,28.2851654320382
Exports of goods and services (% of GDP),NE.EXP.GNFS.ZS,United Kingdom,GBR,25.096058355735,24.6097722412905,22.1628057873125,22.6331752901969,23.321564856669,22.5877368565635,22.9155970959727,24.8233408314423,26.0688515504646,25.7806291050602,26.3611917893874,25.7690068753573,24.4296200003806,24.3053425455884,25.6598216491998,25.5471650372775,24.5103610004373,24.0564905660977,24.0722889197868,25.2715104711424
Exports of goods and services (% of GDP),NE.EXP.GNFS.ZS,Denmark,DNK,32.2991332147352,31.703789488308,33.6157125811914,35.4199554645121,36.4231554732849,37.6824771133025,36.954383329291,36.5662129713497,36.8518613185549,36.6119570369652,37.0673836258126,37.7628610500949,37.1865605187066,39.3484366798101,44.8472655641397,45.5544939498925,45.7044791859005,43.8384088674947,43.9284349569116,47.452125515225
Exports of goods and services (% of GDP),NE.EXP.GNFS.ZS,Brazil,BRA,9.21727907000127,9.82848202733551,11.6673585476931,8.92960967188901,8.19723805886395,8.67763659887868,10.8683116605935,10.5032716554144,9.51307642702004,7.52887503847073,6.73020968312685,6.98364957530895,7.03050033871807,9.5648982609794,10.1880480043795,12.37171066993,14.2305902713775,15.1807837086861,16.5457615119353,15.2438292672646
Exports of goods and services (% of GDP),NE.EXP.GNFS.ZS,Sweden,SWE,30.4719724472161,30.0855474651656,29.8093789884526,29.582311977181,27.9221777772976,26.0947222515368,25.9575951232118,30.4102380632048,33.5983064955583,37.1240310199484,36.028866805627,39.1319850981967,40.0209948883021,40.1114332826671,43.2584584604537,42.9207450800425,41.2470904455775,40.3257049709808,42.6906424082589,45.01548061554
Exports of goods and services (% of GDP),NE.EXP.GNFS.ZS,Mexico,MEX,16.682179926956,18.5365670042589,20.0960561464169,19.1321993029959,18.7044710491717,16.4333900336044,15.256744442975,11.5959846826597,12.7545957125272,22.8659269211958,24.7231319521416,23.2555721469271,23.221749395164,23.4168592490374,24.2311734715837,21.5412102021393,21.851761920846,23.6555935033272,25.1033560080055,25.487073833609
Exports of goods and services (% of GDP),NE.EXP.GNFS.ZS,Japan,JPN,10.7007717560732,9.75299579664214,9.40921479033839,9.93475201640302,10.0500959147409,9.61617471367096,9.51828502471035,8.9139139952642,8.83982712621505,8.81647043260959,9.31574508353,10.3836956397754,10.3738060985943,9.80553900156021,10.4634942027505,10.0767999632844,10.8554456072287,11.4658015766594,12.7862646247862,13.8158957221159
Exports of goods and services (% of GDP),NE.EXP.GNFS.ZS,South Africa,ZAF,27.2476702979394,26.8913762401425,25.8024942044435,23.7068402759399,21.5385417337418,19.3408153425832,18.9551466044412,19.914366630953,19.549337805111,20.0378606077754,21.7747432189724,21.6605918552042,22.5192718175416,22.2692159746602,24.4043033106919,26.3566606345688,28.4311672176802,23.9152733614034,22.7575187856654,23.5997644915436
Exports of goods and services (% of GDP),NE.EXP.GNFS.ZS,Singapore,SGP,148.730947088356,164.003337028947,184.714114870593,179.295693093127,177.192544433931,168.546193922295,161.725949774023,161.650519642454,166.193359003655,181.120940871727,175.64311239295,169.296886140865,166.787570508849,176.745012905762,188.350890284751,182.894180709771,184.086118066532,202.586206389804,213.951695442646,225.159667736916
Exports of goods and services (% of GDP),NE.EXP.GNFS.ZS,Malaysia,MYS,56.2966170349471,62.8944934328174,66.4155028688968,71.3768494673724,74.4661197000361,77.8255528255528,75.983860049641,78.9202875826103,89.1507768813216,94.0891703712361,91.5761512146674,93.2894480029809,115.743725352436,121.311393650836,119.809708726968,110.402491356547,108.305302795051,106.943446148115,115.373337721075,112.898976779781
"Labor force, total",SL.TLF.TOTL.IN,Australia,AUS,..,..,..,..,..,8523056,8590798,8621008,8783597,8979799,9103063,9162385,9255379,9340345,9524764,9694446,9841072,10015413,10127666,10428561
"Labor force, total",SL.TLF.TOTL.IN,Argentina,ARG,..,..,..,..,..,13867845,14275486,14697546,15067090,15201443,15563537,15992986,16307035,16410324,16588444,16651214,16491672,16951795,17425150,17545905
"Labor force, total",SL.TLF.TOTL.IN,New Zealand,NZL,..,..,..,..,..,1713508,1721294,1739037,1785106,1829825,1884106,1905448,1911507,1925783,1943572,1975886,2038452,2079431,2137480,2194674
"Labor force, total",SL.TLF.TOTL.IN,United Kingdom,GBR,..,..,..,..,..,29083861,28980864,28773930,28764405,28774443,28921109,29090800,29150168,29238964,29511805,29521902,29839231,30095093,30341589,30813208
"Labor force, total",SL.TLF.TOTL.IN,Denmark,DNK,..,..,..,..,..,2903665,2924273,2898901,2775171,2793251,2827134,2841305,2832388,2861273,2853060,2841507,2868928,2868194,2895623,2893154
"Labor force, total",SL.TLF.TOTL.IN,Brazil,BRA,..,..,..,..,..,63620325,65276714,66978150,68722270,70502971,70221615,72951024,74794611,77242077,79347235,81451849,84252471,85732532,88065748,90599379
"Labor force, total",SL.TLF.TOTL.IN,Sweden,SWE,..,..,..,..,..,4677671,4592918,4504162,4472053,4528182,4521856,4507223,4468932,4515581,4487120,4558776,4579588,4607164,4622281,4690191
"Labor force, total",SL.TLF.TOTL.IN,Mexico,MEX,..,..,..,..,..,29908342,31048236,32221320,33101442,33996544,34882781,36533751,37226332,37615146,38390325,38824263,39346853,40436874,41700422,43124092
"Labor force, total",SL.TLF.TOTL.IN,Japan,JPN,..,..,..,..,..,65401208,66253382,66645894,66939127,67168034,67627310,68180348,68191910,67983381,67817652,67626063,67075751,66836856,66578272,66666567
"Labor force, total",SL.TLF.TOTL.IN,South Africa,ZAF,..,..,..,..,..,15867850,16072382,16273778,16515224,16792468,17097879,17443141,17814021,18179270,18541865,18926590,19314482,19692815,20050904,20382896
"Labor force, total",SL.TLF.TOTL.IN,Singapore,SGP,..,..,..,..,..,1520683,1583523,1641709,1717031,1795647,1888365,1972026,2057029,2098833,2155004,2220182,2217150,2194671,2234837,2330005
"Labor force, total",SL.TLF.TOTL.IN,Malaysia,MYS,..,..,..,..,..,7073003,7293606,7516894,7750796,7993191,8243318,8507658,8795586,9077511,9350453,9625678,9907167,10199219,10502969,10820229
Gross national expenditure (% of GDP),NE.DAB.TOTL.ZS,Australia,AUS,103.79005393553,103.071034701924,101.350701847356,101.41850519313,101.269845192058,99.5393924217653,100.251375596249,100.704379126606,100.257602156829,101.962706162801,100.452767553486,99.7258674427169,100.877571108547,102.440307040609,102.154754826657,99.9140516990339,99.9957696914254,102.087016939191,102.684561428279,102.711893343937
Gross national expenditure (% of GDP),NE.DAB.TOTL.ZS,Argentina,ARG,98.1620777035486,99.7025582561513,96.680232662837,93.5211362330158,94.2717835862851,98.402962376506,101.534602024174,102.404451466983,103.074432605656,100.410654890338,100.649277759763,102.214436776742,102.518900344792,101.728404397527,100.649690547714,98.6942239532112,84.9875763964425,88.7828253076871,92.9974072815823,94.0595175200749
Gross national expenditure (% of GDP),NE.DAB.TOTL.ZS,New Zealand,NZL,99.4978689627802,97.668179309499,96.7178522035445,99.8477335201854,99.1369684868706,96.3378835547014,96.816237952384,96.212828850133,96.9690949227373,98.1264807348601,98.4184132698984,98.6051614749797,98.6623106734316,99.4992448930928,97.0268443495023,96.3717446702716,96.9633306455789,98.2339344784155,99.7120840585149,101.449640044925
Gross national expenditure (% of GDP),NE.DAB.TOTL.ZS,United Kingdom,GBR,109.003338930714,108.558538045683,110.890932063768,110.484665638151,108.255409771096,106.412869656741,107.208162518411,106.91865432493,107.513712231413,99.4345215385428,99.5214248900816,99.4353920946502,100.477215345803,101.02075441314,101.202087300318,101.727283435197,102.358912206164,102.126541919713,102.307133400926,102.137695898263
Gross national expenditure (% of GDP),NE.DAB.TOTL.ZS,Denmark,DNK,100.19903128576,97.9452770871252,96.5238538252016,96.2049596406085,94.4438848026322,93.7815731735491,93.0932031984748,92.4725025455587,94.0767339169161,95.2906900498498,94.3364984847063,95.6427397782723,96.9259973467614,94.0003121027183,93.2893903827365,92.8595448111222,93.1479999836939,93.2048969033777,94.3508846666627,94.4955066607001
Gross national expenditure (% of GDP),NE.DAB.TOTL.ZS,Brazil,BRA,101.970822745654,100.501219534672,101.588358105957,96.531658339983,98.761126898644,99.2368045649073,97.5167514667089,98.5927765272697,99.6486069420622,101.926709922254,102.175172109614,102.608910100204,102.377584263746,101.852369947076,102.263665348035,102.192863682204,99.1571768594759,97.7788173116079,96.5867294497751,96.5991366756572
Gross national expenditure (% of GDP),NE.DAB.TOTL.ZS,Sweden,SWE,98.6071345354643,100.122279633604,100.636355130433,102.426771155539,102.451401536597,100.396468262361,99.9039028970252,97.3144510923372,96.6450187667318,94.3523953821456,94.4807747156306,93.7447399437983,94.2984014622104,94.6754992506052,94.960615011268,94.7467998758653,94.7244698145275,94.5941837235547,93.2098647654542,93.7205164640398
Gross national expenditure (% of GDP),NE.DAB.TOTL.ZS,Mexico,MEX,92.44397948734,89.2570639547812,99.4421788002868,100.777248522836,101.668141198021,103.338453039413,105.164376701075,102.275425361382,103.551897068233,96.1525241879895,96.2505966411982,97.8781693078769,98.9045547822783,98.6855484805665,100.311131156617,98.8861365494876,99.9057629141646,102.028399789403,101.981236831514,102.825119568595
Gross national expenditure (% of GDP),NE.DAB.TOTL.ZS,Japan,JPN,96.3975480027911,97.2827662327573,98.0701101364092,98.6720330186359,99.235521903441,98.5270814777372,97.9815186095241,97.8955111399891,98.1306519798456,98.757183240081,99.6223967304632,99.016126343816,98.2555553857297,98.5145716504576,98.6354018554112,99.4060045454383,98.7362308517009,98.3945602847194,98.091824173325,98.5981631336246
Gross national expenditure (% of GDP),NE.DAB.TOTL.ZS,South Africa,ZAF,95.7355415289527,94.8852709234292,98.3049054943567,99.0056281868064,100.057339625361,100.162586382386,98.6963192013762,96.0979051303782,99.1249079112254,98.9272931130714,98.5328536210277,99.0871058998998,99.1032130778631,98.5126290789926,97.2513446503258,96.5089598950348,94.4981538067082,94.4264654940922,97.634794986639,96.5738435694088
Gross national expenditure (% of GDP),NE.DAB.TOTL.ZS,Singapore,SGP,95.8109882692999,95.1626252757988,89.7270003350034,89.6205257019826,89.7479582876428,86.4703066353631,87.6708957350548,89.8373315387278,84.0510539698673,83.0012541849686,84.4156456312253,86.7097973691079,80.4360902150829,83.9779149074375,87.5334173748614,85.4643299338163,83.0964265733886,74.1739699349686,75.2095580482737,71.2519567700719
Gross national expenditure (% of GDP),NE.DAB.TOTL.ZS,Malaysia,MYS,93.9045171383077,86.1306036874884,89.7932229078705,93.9353624813509,97.9568528984473,103.659601551168,98.6435008826535,100.099887336376,101.603388911343,103.934859511042,98.6150741727492,99.086215156408,78.0047521033176,74.9481320902768,80.7870909453116,82.5599369219381,82.745366154071,80.3082367606007,79.6273795058728,78.0565070698225
Gross capital formation (current US$),NE.GDI.TOTL.CD,Australia,AUS,51966284275.3218,51833642138.6977,66049528233.2466,88792679471.1866,90132995976.1849,78950115412.9003,72741017828.2209,73669898819.5616,78349360083.0163,95700920700.9207,99487026185.8678,108282816899.645,102492708403.988,101878054894.097,109245982601.531,88806924109.7734,96601834309.4028,121317414094.351,166349409588.846,191015188931.362
Gross capital formation (current US$),NE.GDI.TOTL.CD,Argentina,ARG,18546808510.6383,21320560747.6636,23659428571.4286,11888860206.9259,19785104979.8088,27769271211.3267,38211583094.5993,46609970270.2703,51399500500,47736933000,53406319800,60990966300,62691747400,50645509000,49830828800,41986461000,10606870818.4831,18049680786.0707,28899558549.9966,37537987445.4148
Gross capital formation (current US$),NE.GDI.TOTL.CD,New Zealand,NZL,7684305027.46092,9137728257.50542,9527858293.07568,10264544001.8938,9313332934.91902,7499437317.12807,7774351339.85538,9928101321.82954,12490994566.2128,15118889479.2774,16234216733.7311,15150349870.7685,11701668508.8689,13651979864.0303,11595310235.8056,12364808304.0348,15155502981.9114,21293514107.7318,26268907563.0252,29162852918.3975
Gross capital formation (current US$),NE.GDI.TOTL.CD,United Kingdom,GBR,130959352096.159,169290155254.126,231515517609.392,241721094568.063,253404895241.477,225982881834.215,224223927693.928,196866477204.559,223055273951.638,251189837462.522,267985959438.378,276851669941.061,301936071546.87,304991101763.469,306769556665.154,301874190297.97,327727817745.803,368537142857.143,430408275357.012,457647272727.273
Gross capital formation (current US$),NE.GDI.TOTL.CD,Denmark,DNK,20949153256.705,24095048608.9791,24332241996.5832,23969283466.9366,28753200562.3243,27304217306.3394,28961566740.1136,24884333348.7561,29256181649.5299,38271303726.9742,37645987204.0285,38285782269.6646,40097785339.064,37172914910.6964,36692009130.1605,35966006752.5352,38126170722.13,45629475537.7446,54526112400.0601,58728802714.7359
Gross capital formation (current US$),NE.GDI.TOTL.CD,Brazil,BRA,..,..,..,114497000000,93165090908,80525675675.6757,73956489945.1554,91370036999.0362,120965653058.032,133035735729.845,146842676151.627,156892618683.627,156890916720.737,104275108066.285,123900161034.381,104951350509.356,88954582529.6376,94099723052.1775,119886925625.932,153404563073.296
Gross capital formation (current US$),NE.GDI.TOTL.CD,Sweden,SWE,37611470183.615,47952862437.7011,56836457598.9033,65932855170.7022,77692618605.1227,68914601736.2547,65699740375.6997,40640080170.6195,46763478486.2623,55723998710.2743,60122576796.8983,54899736735.2552,58477716700.839,59679027885.3602,60215668725.8519,55656930419.8817,59078781156.6072,73372988882.4308,84161439126.9442,87382210862.9618
Gross capital formation (current US$),NE.GDI.TOTL.CD,Mexico,MEX,23996990713.8759,27015896292.4372,41318840528.7041,51157933887.5543,60795307116.3006,73356962394.3573,84690582048.2614,119943733777.29,134735501021.15,73414274642.9781,85297723071.4652,110688727353.551,127123160116.821,140411558389.096,165219395618.958,161392714589.126,165444191451.537,159853308813.341,180659441765.158,197481153694.678
Gross capital formation (current US$),NE.GDI.TOTL.CD,Japan,JPN,660597745784.175,827349062310.95,1064041288566.6,1083968038131.58,1129453528325.02,1284544866736.4,1335018274585.42,1441310889244.21,1532256833627.18,1715444250241.34,1576812089822.4,1397617506771.17,1212739285575.14,1307367075538.95,1411880425553.63,1214199256308.58,1083309407598.81,1159763140075.99,1254507223202.98,1258709541618.35
Gross capital formation (current US$),NE.GDI.TOTL.CD,South Africa,ZAF,14525398331.4019,16144630268.7628,20654788191.4327,23026091280.0166,22980140461.8909,24114235427.6857,23093505151.0967,20844554098.8242,25284304823.8734,30397283024.7981,27045413573.0782,27533454377.445,25131878517.8186,23720050072.9685,22854391794.7246,19737256958.5887,19409759479.0957,30847485038.8294,43385750390.9242,48621596590.08
Gross capital formation (current US$),NE.GDI.TOTL.CD,Singapore,SGP,6794963865.27885,7639570129.51226,8476163342.83001,10376714370.9004,12886581551.5562,15449377713.4588,18514801097.8737,22545861438.7628,24252476686.543,29752041626.2457,33741217453.9606,38217046536.7193,26995844890.2427,28208444226.0187,33793996738.9091,24791555391.0956,23202713298.6483,16819128644.9242,26334021208.973,27487552549.0613
Gross capital formation (current US$),NE.GDI.TOTL.CD,Malaysia,MYS,7206824712.69934,7428051172.43033,9298212184.8202,11604220548.8545,14246499376.1264,18571428571.4286,20923155456.0804,26211930795.095,30686633135.1928,38710925039.8724,41834009062.7236,42975370856.6967,19250662454.1378,17715000000,25198947368.4211,22637631578.9474,24986842105.2632,25085789473.6842,28754210526.3158,32146565227.3565
Gross capital formation (% of GDP),NE.GDI.TOTL.ZS,Australia,AUS,28.4784967052176,27.3546985713438,27.9688328013507,29.610209761727,28.9425369722878,24.2203018869742,22.3462037323606,23.6024411272767,24.2716095419954,25.9939578014141,24.7885981976259,24.8558828020443,25.6440499626638,26.1458941440029,26.2504640290701,23.3930636328424,24.4074263067027,25.9369848139976,27.0636473789158,27.4568260355592
Gross capital formation (% of GDP),NE.GDI.TOTL.ZS,Argentina,ARG,17.4617642050861,19.5548660012086,18.6400388971926,15.5146982752804,13.9969815756662,14.6369773950796,16.7024057741857,19.6881104233422,19.9656232520199,18.5004105114971,19.6238724452255,20.8260515469902,20.9707691548621,17.8629278753399,17.5334874363903,15.6259653308051,10.8539052402585,14.1469621012504,17.5512703642799,18.8882641376513
Gross capital formation (% of GDP),NE.GDI.TOTL.ZS,New Zealand,NZL,25.1082773972012,22.6313852946587,21.0901521308297,23.3708834150811,20.4710549476533,17.5444600945147,18.6659858300887,21.2249482707656,22.5816777041943,23.6533106114136,23.1451716600231,22.9289700901589,20.8114129519031,23.2325640957705,22.0345630387436,22.9520169059606,22.7465398243836,24.128385766287,25.2816076708571,25.4208681883182
Gross capital formation (% of GDP),NE.GDI.TOTL.ZS,United Kingdom,GBR,21.7738422806115,22.7185520818484,25.4378348587276,26.078870880052,23.1807529321572,19.7745397135035,19.0075120877159,18.5480091390268,19.557850015298,18.6863807382799,18.8769583941855,17.7365337920401,18.258269145449,18.0700082818275,18.4186810471387,18.2973209962177,18.3525971535261,17.9387189728641,17.7742645941403,17.9950798892439
Gross capital formation (% of GDP),NE.GDI.TOTL.ZS,Denmark,DNK,23.7845687564313,22.0218210212066,21.0572415211072,21.3232357643915,20.7983834132002,19.6116202800631,18.9395695547395,17.3778584357315,18.7344611357273,20.6864217231064,20.0636979330763,22.0619461647345,22.6551482928795,20.8877451002436,22.3515417649134,21.8251665240861,21.343037915222,20.921735623489,21.6913159962349,22.2064484414116
Gross capital formation (% of GDP),NE.GDI.TOTL.ZS,Brazil,BRA,19.9608396615159,23.1736016647865,24.3442266859346,26.9027870382664,20.1677089633283,19.768768868394,18.9345399423489,20.8463552065145,22.1455629464805,17.2923463458623,17.2669463759545,17.7639856110956,18.1647519194741,17.3895597435179,18.9031192683871,18.7418602950836,17.4490794834956,16.8566884007152,17.9125683422575,17.20488346411
Gross capital formation (% of GDP),NE.GDI.TOTL.ZS,Sweden,SWE,24.9913326141958,26.2023699242326,27.4589935492403,30.251601156798,29.6710894553228,25.1303082874601,23.1075839155651,19.0840307185335,20.4177401493756,20.846529712766,20.6080041544974,20.4738116974369,21.5937071073735,21.7749307350781,22.9100251603824,22.9611727457942,22.1393999852213,21.9458038705392,21.8534135822491,22.2789854268982
Gross capital formation (% of GDP),NE.GDI.TOTL.ZS,Mexico,MEX,17.8341987947217,18.3105787376877,22.7512685293159,23.1062411899557,23.270603544648,23.4262767281749,23.3205990261669,22.6240306574294,24.3372579448117,19.311543363515,19.7376269610509,21.1460171251619,22.8039516150861,22.2434377526015,22.2649246118729,20.2738215571294,20.4084256246843,20.8808458648635,22.0461782270566,21.5221459741421
Gross capital formation (% of GDP),NE.GDI.TOTL.ZS,Japan,JPN,31.1590391856606,32.0584933815197,34.0414297836391,34.8603861917914,35.4515796937795,35.2116697180349,33.5372495939791,31.7683446786091,30.6525083081156,30.9336318941132,32.0269488823051,31.1103727489921,29.5908237393136,28.2004333138473,28.417439318872,27.7549548681953,25.8988591910406,25.6609651799745,25.638207264098,26.052325978807
Gross capital formation (% of GDP),NE.GDI.TOTL.ZS,South Africa,ZAF,19.8015726234653,16.7239888069194,19.8647985515339,21.3094797014767,18.2312412035802,17.8354850806236,15.7145549853145,14.161207817224,16.4704957860317,17.7000132325077,16.5683988950434,16.2941004369842,16.4278913701127,15.6550464913797,15.0602810875446,14.5737803066035,15.036119660525,15.6571145272722,16.9603513170499,16.8318153447643
Gross capital formation (% of GDP),NE.GDI.TOTL.ZS,Singapore,SGP,36.5581142844566,36.5193909922173,33.4082568034691,34.06069305235,35.6531138861975,33.9799446925753,35.5156959121622,37.2020493632248,32.9120593059062,33.8813128046581,35.0401245569948,38.1697972076704,31.4900376302754,32.6914753593956,35.1740359977879,27.6094317950146,25.0736127933875,17.2245248736318,22.8924616706012,21.506936250429
Gross capital formation (% of GDP),NE.GDI.TOTL.ZS,Malaysia,MYS,25.985417772439,23.0819510390331,26.3613727400671,29.8708580008172,32.3603261645435,37.7904739350522,35.3625515987311,39.1837113952867,41.2020812335965,43.6399023701753,41.4791985244273,42.9730832697528,26.6749751979749,22.3820005053796,26.8674891484592,24.398219973396,24.7773431485884,22.7633850643195,23.0495646010531,22.3964178094036
Adjusted net national income (current US$),NY.ADJ.NNTY.CD,Australia,AUS,145045589826.517,150563382000.556,189395434026.034,238171909979.293,242314303076.364,252912262623.64,252921267527.663,245924421912.346,257138368466.784,290203526005.273,318181445794.347,345543452881.81,317886063632.724,310281506662.096,328524176021.96,301315373126.931,315068295181.881,373377605944.469,488840001504.865,543136014274.888
Adjusted net national income (current US$),NY.ADJ.NNTY.CD,Argentina,ARG,97618879083.8828,97003097356.258,110583378490.395,62012185532.1377,120635727962.181,166898435446.466,204024866060.271,210926349278.954,227106385135.324,223528398630.206,236983938646.198,253376657567.304,257718078198.383,240031171641.903,238399675554.473,224968752618.712,75590438007.3152,103448403705.699,124005526472.631,148938243056.375
Adjusted net national income (current US$),NY.ADJ.NNTY.CD,New Zealand,NZL,24225707362.5302,32148488304.8666,36656004244.2971,35497577101.8049,36516652722.9885,32998584440.2904,32170620231.2282,36115719788.7139,43234617305.2606,50435433217.356,54409010495.7573,52189857734.8256,45148307767.5535,46525155928.3497,41329380564.1493,42900268818.5375,53461795964.4906,71653825226.8362,83365812961.9244,90763026368.772
Adjusted net national income (current US$),NY.ADJ.NNTY.CD,United Kingdom,GBR,533365686590.786,654739650378.854,801570008266.896,806081791026.443,938750606335.92,985121922609.907,1034187368628.4,932858601957.041,1025779062635.84,1118682083513.1,1178897179659.79,1330772319420.29,1451272053003.73,1457365384053.43,1437037437474,1422579064896.92,1550603189070.74,1787034459096.56,2101661929776.3,2210988669650.53
Adjusted net national income (current US$),NY.ADJ.NNTY.CD,Denmark,DNK,72639969616.5703,90165447603.872,94193030612.841,90515054607.9717,110779333306.201,110996103766.807,122698495115.11,115053694882.435,126449184774.812,150679157168.244,152675560467.1,141067814046.465,144980619721.468,145744028837.716,131688969670.51,133220354351.264,144267928718.227,176195503865.872,205483311887.123,218041440805.601
Adjusted net national income (current US$),NY.ADJ.NNTY.CD,Brazil,BRA,189418923605.853,207283267580.068,232327813600.707,318265155977.508,322082862664.824,286487750203.528,274462862511.354,307668629334.99,436381828177.434,664793651920.962,742863677033.815,759883202203.621,729326644499.989,492262000598.267,536386708967.563,454980505820.652,411493327913.879,450592024742.451,543759652869.833,720074448158.693
Adjusted net national income (current US$),NY.ADJ.NNTY.CD,Sweden,SWE,127839312300.394,156159516442.123,175923241934.6,184272166369.408,219795869048.114,228785222737.746,233145100415.581,171853247330.814,189869632652.555,223826209651.079,243620338456.049,223331282590.433,226160501275.725,232134216370.059,222027905098.026,203355468496.913,223889286670.34,286522283563.305,326747434965.425,335249772071.934
Adjusted net national income (current US$),NY.ADJ.NNTY.CD,Mexico,MEX,97100796215.8621,106523751200.565,137787210220.993,171618500943.358,205504265665.484,256844670552.814,299161726412.725,421664425037.059,444443520105.821,284085287955.244,326500887619.418,411235616038.992,436129608401.083,497871003052.663,583451181694.053,628249032955.209,638350138907.69,590360272094.388,630150294533.287,692395008004.185
Adjusted net national income (current US$),NY.ADJ.NNTY.CD,Japan,JPN,1703630261065.3,2072392819261.02,2513167664877.73,2479234223464.35,2532538247987.93,2870567502029.46,3102233754025.2,3501491608348.55,3917260395235.75,4370283729180.46,3906754596803.98,3545794455604.16,3204096480483.75,3610168538776.3,3889565813592.97,3428353569487.95,3265130478188.51,3543442985607.18,3862864291779.83,3822505207106.36
Adjusted net national income (current US$),NY.ADJ.NNTY.CD,South Africa,ZAF,53877512162.8823,73075880359.0113,79677814587.8429,83315002806.017,97959729216.0107,107454600832.597,118924532521.794,120440786353.661,126083665462.661,142277234694.644,134806668745.649,140458314928.722,127123725365.502,125775481834.557,125268249716.005,109995972981.918,106116993827.102,164253024947.892,213479648555.331,241607385178.952
Adjusted net national income (current US$),NY.ADJ.NNTY.CD,Singapore,SGP,15469371295.9457,16831571118.3596,21047868264.387,25727287489.136,30589761424.8446,38255707795.724,44567575017.1377,50503174228.4959,63880306924.3931,77250074985.9991,83369861077.2253,89617062956.5492,74506491078.8047,74105054153.6544,81689371443.1551,74821348060.9398,75334726282.0161,78404138503.8477,89158833073.9072,100415541395.997
Adjusted net national income (current US$),NY.ADJ.NNTY.CD,Malaysia,MYS,15527889724.5041,16884762775.4853,20191165535.8316,21319167171.4886,25665838455.5987,30741686706.9097,37114434786.1772,43589724186.55,49523892356.7819,59744581398.0091,68195321427.8492,67721307181.217,46120255061.2789,50296614557.1299,59587462022.3312,60833395932.9917,68303808636.6136,74089243906.7844,86090970255.4756,98936794493.5974
Trade (% of GDP),NE.TRD.GNFS.ZS,Australia,AUS,33.0095412604891,32.51162027288,32.5659637923173,32.0654402280904,32.1533500537442,32.1900409562724,33.0452594200878,35.4001724366925,36.4592776424045,37.7040452075846,38.2330533547335,37.9808322779409,39.9927024641912,39.0297954188357,40.9352109785505,44.2187044989977,41.4490922022193,40.2015669125448,37.0096135930442,39.1607469727979
Trade (% of GDP),NE.TRD.GNFS.ZS,Argentina,ARG,14.4860327921395,15.448969882952,15.743458608705,19.6377977018838,14.9908589999441,13.7530541588891,14.730980586353,16.223151447784,18.1343458669981,19.7714230903755,21.5064684057215,23.3361788437439,23.3500279730689,21.3827449624898,22.6224447777343,21.8522554515453,41.7527243585642,40.6447480311085,40.692646108947,40.5512709706238
Trade (% of GDP),NE.TRD.GNFS.ZS,New Zealand,NZL,52.7703483857609,50.0061323358067,48.4038382023753,51.9781167466178,52.6081416580188,54.6355654428897,59.2340588498117,57.553650605971,58.8145695364238,56.9142524626959,55.1161709577551,55.2468635214425,57.8960178233763,61.4012311333669,68.5169268768932,67.2338243520418,62.6559945554479,57.914769345753,58.7995522745359,58.0187434407163
Trade (% of GDP),NE.TRD.GNFS.ZS,United Kingdom,GBR,50.510143037842,49.8774164683693,47.3437423656998,48.6599718982122,48.2329411879358,45.2998069343145,46.2897460463871,49.7307933489136,51.8679570207033,50.9957797486632,52.2438084688564,50.9734058453648,49.3364553465645,49.6314395043173,52.521730598718,52.8216135097523,51.3796342070387,50.2395230519083,50.4517112404991,52.6807168405482
Trade (% of GDP),NE.TRD.GNFS.ZS,Denmark,DNK,64.7972977152301,61.3528559301278,63.7552791161449,67.0448704479388,67.2901956323191,69.1465270632839,67.0019697487162,65.6049285959626,67.7804557486188,68.514602773058,68.4712660120606,71.1684624019632,71.2991187214461,72.6971979470271,82.9839510533025,83.9685758745007,84.5569748062335,80.881707399814,82.2077652710513,89.3997408561776
Trade (% of GDP),NE.TRD.GNFS.ZS,Brazil,BRA,15.8606541452464,16.2623973390749,17.7672447097778,14.3908776472134,15.1556030169304,16.5920777626646,19.2533747878959,19.5993205474635,18.6747597961023,16.9844599991956,15.6355914758682,16.5762092613247,16.4385849312059,20.9821664782285,22.6397613567941,26.936285022064,27.6183574022309,28.1403847231593,29.6782524787535,27.0867952147935
Trade (% of GDP),NE.TRD.GNFS.ZS,Sweden,SWE,58.2310859708523,58.6768608989121,58.3467817203103,59.0380328648836,55.8232212291502,51.0896520485887,50.7720887895647,58.1349272187468,63.8416317578483,68.6004574220424,66.5385083268845,72.0087101401916,74.3403912388145,74.8983658159395,81.4775319321754,80.5882900359504,77.2186507056824,75.2455936655162,78.5911495819721,83.7514776951197
Trade (% of GDP),NE.TRD.GNFS.ZS,Mexico,MEX,29.6062225899787,31.262320842785,38.7903369479031,38.3296500774472,38.5196964133297,35.7865351574196,35.553495904112,26.1631235578308,29.1584721341582,43.6658317263397,47.7678235339067,46.4918755715735,48.0318841400179,48.0122495761105,49.9104091943629,44.7401090063015,45.2098292538764,48.7004168690455,52.0406200335632,52.5626446623015
Trade (% of GDP),NE.TRD.GNFS.ZS,Japan,JPN,17.7990915149376,16.7887846160853,16.8885147524671,18.5415137410981,19.3357137329228,17.7594512543168,17.018068824019,15.7233391305175,15.8103062322757,16.3901049340172,18.2538682255522,19.7835176233669,19.0031862223377,18.1256307166911,19.5623715839054,19.5596044720071,20.4471220661583,21.3261252678119,23.6643534228975,26.2299545778565
Trade (% of GDP),NE.TRD.GNFS.ZS,South Africa,ZAF,46.6489279194359,44.9712541338082,45.8513122493528,42.6997653451896,38.2118009241798,34.8816092569776,34.3213534993474,35.6981243460429,37.1146091666279,39.4780337793026,42.199251732528,42.3013344291831,44.0357453368965,42.2582960172673,46.2207217354077,49.170945185829,53.4655016294369,45.723862568979,45.6435752240041,47.4277813970329
Trade (% of GDP),NE.TRD.GNFS.ZS,Singapore,SGP,294.826460468494,325.038474626505,359.867159003075,347.5726856798,344.33221784507,323.887994825751,311.312267281518,313.416139807665,316.216547584567,345.459263895462,334.911163288092,323.86442214814,312.079255674686,336.484846412882,364.364520468218,349.292105694978,349.746013985676,377.218564301581,401.523712538509,420.430512920559
Trade (% of GDP),NE.TRD.GNFS.ZS,Malaysia,MYS,106.497751208202,111.919590553123,122.624228645664,136.689061416096,146.888252533989,159.311447263255,150.611220981935,157.940462501597,179.904942673986,192.113200253514,181.766982485457,185.66511116237,209.492202808189,217.570919391949,220.406788982074,203.364636010653,199.356232695655,194.195129056831,210.374265897124,203.854644595624
"Unemployment, total (% of total labor force) (national estimate)",SL.UEM.TOTL.NE.ZS,Australia,AUS,8.081,8.106,7.226,6.175,6.926,9.586,10.733,10.879,9.724,8.473,8.509,8.367,7.684,6.876,6.288,6.747,6.375,5.933,5.399,5.036
"Unemployment, total (% of total labor force) (national estimate)",SL.UEM.TOTL.NE.ZS,Argentina,ARG,4.4,5.3,6,7.3,7.06,6.32,6.36,10.1,11.76,18.8,17.11,14.82,12.65,14.05,15,17.32,19.59,15.36,13.522,11.506
"Unemployment, total (% of total labor force) (national estimate)",SL.UEM.TOTL.NE.ZS,New Zealand,NZL,4.186,4.214,5.77,7.305,7.982,10.614,10.667,9.804,8.354,6.461,6.29,6.857,7.718,7.023,6.13,5.433,5.282,4.745,4.005,3.807
"Unemployment, total (% of total labor force) (national estimate)",SL.UEM.TOTL.NE.ZS,United Kingdom,GBR,11.508,11.017,9.004,7.405,6.969,8.55,9.772,10.346,9.648,8.694,8.189,7.072,6.198,6.042,5.558,4.696,5.037,4.807,4.594,4.751
"Unemployment, total (% of total labor force) (national estimate)",SL.UEM.TOTL.NE.ZS,Denmark,DNK,6.033,6.091,6.486,8.149,8.338,8.89,9.027,10.719,8.036,6.992,6.844,5.4,5.039,5.142,4.476,4.164,4.274,4.19,5.204,4.83
"Unemployment, total (% of total labor force) (national estimate)",SL.UEM.TOTL.NE.ZS,Brazil,BRA,2.37,3.56,3.79,4.145,4.703,..,7.086,6.03,..,7.092,8.035,9.003,10.15,11.125,..,10.649,10.641,11.169,10.072,10.551
"Unemployment, total (% of total labor force) (national estimate)",SL.UEM.TOTL.NE.ZS,Sweden,SWE,2.23,2.15,..,1.46,1.832,3.243,5.722,9.33,9.58,8.897,9.547,10.359,8.941,7.607,5.466,4.73,4.965,5.555,6.693,7.486
"Unemployment, total (% of total labor force) (national estimate)",SL.UEM.TOTL.NE.ZS,Mexico,MEX,..,..,1.76,..,..,3.145,3.235,3.365,4.436,7.095,5.465,4.235,3.733,2.598,2.646,2.627,3.003,3.455,3.937,3.558
"Unemployment, total (% of total labor force) (national estimate)",SL.UEM.TOTL.NE.ZS,Japan,JPN,2.8,2.8,2.5,2.3,2.095,2.059,2.158,2.539,2.89,3.15,3.383,3.374,4.078,4.677,4.748,5.02,5.386,5.251,4.734,4.446
"Unemployment, total (% of total labor force) (national estimate)",SL.UEM.TOTL.NE.ZS,South Africa,ZAF,..,..,..,..,..,..,..,..,..,..,..,..,25,25.37,29.88,25.371,27.18,27.116,24.673,23.84
"Unemployment, total (% of total labor force) (national estimate)",SL.UEM.TOTL.NE.ZS,Singapore,SGP,6.84,5,3.55,2.35,..,2.18,3.09,3.07,3.03,3.3,3.57,2.5,3.41,4.85,5.96,3.76,5.65,5.93,5.84,5.59
"Unemployment, total (% of total labor force) (national estimate)",SL.UEM.TOTL.NE.ZS,Malaysia,MYS,8.29,7.33,7.26,5.73,4.5,..,3.71,4.11,..,3.15,2.52,2.45,3.2,3.43,3,3.53,3.48,3.61,3.54,3.53
Urban population (% of total population),SP.URB.TOTL.IN.ZS,Australia,AUS,85.552,85.522,85.493,85.463,85.433,85.403,85.285,85.157,85.028,84.898,84.767,84.636,84.503,84.37,84.235,84.1,84.222,84.343,84.463,84.582
Urban population (% of total population),SP.URB.TOTL.IN.ZS,Argentina,ARG,85.445,85.843,86.233,86.613,86.984,87.328,87.542,87.752,87.96,88.164,88.366,88.564,88.759,88.952,89.142,89.329,89.51,89.686,89.86,90.031
Urban population (% of total population),SP.URB.TOTL.IN.ZS,New Zealand,NZL,83.78,84.025,84.268,84.506,84.742,84.95,85.103,85.254,85.404,85.553,85.7,85.781,85.861,85.941,86.021,86.1,86.161,86.221,86.281,86.341
Urban population (% of total population),SP.URB.TOTL.IN.ZS,United Kingdom,GBR,78.34,78.29,78.24,78.19,78.14,78.112,78.172,78.232,78.293,78.353,78.413,78.472,78.532,78.591,78.651,78.751,79.047,79.339,79.629,79.915
Urban population (% of total population),SP.URB.TOTL.IN.ZS,Denmark,DNK,84.458,84.565,84.671,84.777,84.843,84.871,84.898,84.925,84.952,84.979,85.006,85.033,85.06,85.086,85.1,85.15,85.25,85.36,85.566,85.856
Urban population (% of total population),SP.URB.TOTL.IN.ZS,Brazil,BRA,70.703,71.529,72.342,73.139,73.922,74.69,75.444,76.181,76.903,77.61,78.302,79.048,79.781,80.496,81.192,81.553,81.88,82.203,82.521,82.834
Urban population (% of total population),SP.URB.TOTL.IN.ZS,Sweden,SWE,83.1,83.1,83.1,83.1,83.1,83.204,83.361,83.516,83.671,83.824,83.914,83.942,83.97,83.998,84.026,84.071,84.133,84.196,84.258,84.319
Urban population (% of total population),SP.URB.TOTL.IN.ZS,Mexico,MEX,69.459,69.963,70.462,70.956,71.419,71.816,72.209,72.598,72.985,73.368,73.67,73.929,74.186,74.441,74.722,75.045,75.365,75.682,75.997,76.308
Urban population (% of total population),SP.URB.TOTL.IN.ZS,Japan,JPN,76.835,76.962,77.088,77.213,77.339,77.473,77.61,77.746,77.881,78.016,78.145,78.272,78.398,78.523,78.649,79.99,81.647,83.196,84.64,85.978
Urban population (% of total population),SP.URB.TOTL.IN.ZS,South Africa,ZAF,49.905,50.439,50.972,51.505,52.037,52.554,53.038,53.521,54.004,54.486,54.967,55.449,55.93,56.411,56.891,57.368,57.898,58.446,58.993,59.536
Urban population (% of total population),SP.URB.TOTL.IN.ZS,Singapore,SGP,100,100,100,100,100,100,100,100,100,100,100,100,100,100,100,100,100,100,100,100
Urban population (% of total population),SP.URB.TOTL.IN.ZS,Malaysia,MYS,46.671,47.45,48.232,49.012,49.794,50.576,51.814,53.109,54.402,55.688,56.969,58.237,59.496,60.742,61.977,62.922,63.856,64.78,65.694,66.594
Urban population,SP.URB.TOTL,Australia,AUS,13704019,13909190,14133843,14370104,14579251,14761085,14906654,15017273,15139633,15285785,15448588,15592522,15723967,15871907,16028911,16210024,16419256,16633061,16835775,17065978
Urban population,SP.URB.TOTL,Argentina,ARG,26272907,26797140,27327921,27859735,28389540,28910601,29386348,29859584,30336257,30809888,31272164,31720057,32160222,32603604,33045629,33480950,33910889,34330154,34747780,35175563
Urban population,SP.URB.TOTL,New Zealand,NZL,2719750,2751315,2766856,2788022,2821739,2969087,3005583,3045443,3091625,3142704,3198324,3243637,3275597,3295923,3318432,3341111,3402067,3472292,3526736,3569251
Urban population,SP.URB.TOTL,United Kingdom,GBR,44404206,44470325,44540723,44628280,44733264,44855736,45011752,45154426,45304828,45459651,45610451,45762480,45931122,46119137,46319551,46557334,46930583,47323791,47767769,48269624
Urban population,SP.URB.TOTL,Denmark,DNK,4324701,4335668,4343212,4351259,4361727,4374504,4390390,4406442,4422754,4447268,4473929,4493986,4511769,4528106,4544013,4563004,4582981,4601394,4624434,4652908
Urban population,SP.URB.TOTL,Brazil,BRA,98732041,101904694,105079629,108248215,111405219,114526991,117617792,120701843,123798812,126904246,130010387,133232801,136457266,139649517,142795391,145337135,147774310,150126745,152434477,154731704
Urban population,SP.URB.TOTL,Sweden,SWE,6955328,6978575,7010722,7057653,7112392,7170001,7225787,7281393,7346937,7399093,7418835,7425561,7432163,7440437,7454878,7478923,7508835,7542470,7577769,7613645
Urban population,SP.URB.TOTL,Mexico,MEX,52944682,54258758,55588892,56930659,58363912,59859781,61372714,62905040,64456282,66008876,67471815,68889330,70304057,71712596,73132993,74590443,76056158,77520574,78995700,80460988
Urban population,SP.URB.TOTL,Japan,JPN,93340695,93946744,94492929,95025267,95496650,96038630,96566243,97049554,97489878,97888236,98272808,98667335,99095072,99434460,99760751,101706485,104055019,106256267,108136910,109856670
Urban population,SP.URB.TOTL,South Africa,ZAF,17405783,18218230,19060395,19916306,20751091,21500345,22149069,22760041,23366441,23966258,24549143,25110106,25645116,26154780,26632535,27094742,27595063,28114892,28644683,29182849
Urban population,SP.URB.TOTL,Singapore,SGP,2733373,2774789,2846108,2930901,3047132,3135083,3230698,3313471,3419048,3524506,3670704,3796038,3927213,3958723,4027887,4138012,4175950,4114826,4166664,4265762
Urban population,SP.URB.TOTL,Malaysia,MYS,7261420,7607707,7970153,8341912,8722442,9112513,9599428,10117305,10656646,11213830,11786345,12374884,12976400,13587168,14220716,14813423,15416400,16026190,16642423,17263520
,,,,,,,,,,,,,,,,,,,,,,,
,,,,,,,,,,,,,,,,,,,,,,,
,,,,,,,,,,,,,,,,,,,,,,,
Data from database: World Development Indicators,,,,,,,,,,,,,,,,,,,,,,,
Last Updated: 03/28/2024,,,,,,,,,,,,,,,,,,,,,,,
